code,name,trade_date,auction_pct,open_pct,close_pct,excess_return,dailyline_found,prev_close,day_open,day_high,day_low,day_close
603318,水发燃气,2026-04-28,3.75,3.75,9.98,6.23,True,12.53,13.0,13.78,12.55,13.78
600338,西藏珠峰,2026-04-28,0.36,0.36,1.09,0.73,True,24.83,24.92,26.0,24.53,25.1
600206,有研新材,2026-04-28,-0.67,-0.67,-0.26,0.41,True,26.7,26.52,27.4,25.75,26.63
001332,锡装股份,2026-04-28,0.18,0.18,2.34,2.16,True,62.83,62.94,65.88,61.68,64.3
600433,冠豪高新,2026-04-28,0.0,0.0,2.73,2.73,True,4.4,4.4,4.63,4.27,4.52
603125,常青科技,2026-04-28,3.45,3.45,4.75,1.3,True,21.48,22.22,23.27,21.02,22.5
600410,华胜天成,2026-04-28,-9.92,-9.92,-10.0,-0.08,True,26.0,23.42,24.53,23.4,23.4
600726,华电能源,2026-04-28,-0.78,-0.78,10.03,10.81,True,6.38,6.33,7.02,6.27,7.02
600770,综艺股份,2026-04-28,-3.59,-3.59,10.06,13.65,True,6.96,6.71,7.66,6.62,7.66
000066,中国长城,2026-04-28,-0.83,-0.83,6.32,7.15,True,16.77,16.63,18.2,16.58,17.83
601869,长飞光纤,2026-04-28,-1.85,-1.85,-1.06,0.79,True,377.5,370.51,381.16,368.0,373.49
002218,拓日新能,2026-04-28,10.02,10.02,10.02,0.0,True,5.19,5.71,5.71,5.62,5.71
001266,宏英智能,2026-04-28,10.01,10.01,10.01,0.0,True,32.66,35.93,35.93,35.93,35.93
300905,宝丽迪,2026-04-28,18.25,18.25,20.0,1.75,True,55.85,66.04,67.02,66.0,67.02
000062,深圳华强,2026-04-28,1.35,1.35,-4.16,-5.51,True,37.77,38.28,39.2,35.74,36.2
688530,欧莱新材,2026-04-28,8.23,8.23,17.73,9.5,True,46.2,50.0,55.22,47.87,54.39
002210,飞马国际,2026-04-28,7.3,7.3,9.85,2.55,True,2.74,2.94,3.01,2.8,3.01
603501,豪威集团,2026-04-28,2.22,2.22,-0.71,-2.93,True,104.63,106.95,106.95,103.4,103.89
603259,药明康德,2026-04-28,9.93,9.93,10.0,0.07,True,100.52,110.5,110.57,108.02,110.57
002902,铭普光磁,2026-04-28,3.64,3.64,10.0,6.36,True,28.61,29.65,31.47,29.18,31.47
002297,博云新材,2026-04-28,2.29,2.29,9.99,7.7,True,20.53,21.0,22.58,19.53,22.58
002115,三维通信,2026-04-28,3.45,3.45,5.03,1.58,True,13.33,13.79,14.26,13.39,14.0
003036,泰坦股份,2026-04-28,0.41,0.41,-8.44,-8.85,True,36.95,37.1,38.25,33.55,33.83
603579,荣泰健康,2026-04-28,1.13,1.13,1.99,0.86,True,22.08,22.33,22.75,21.83,22.52
605138,盛泰集团,2026-04-28,0.0,0.0,3.5,3.5,True,7.43,7.43,7.95,7.43,7.69
000565,渝三峡Ａ,2026-04-28,1.5,,,,False,,,,,
600768,宁波富邦,2026-04-28,1.67,,,,False,,,,,
603026,石大胜华,2026-04-28,-1.99,-1.99,-0.81,1.18,True,109.3,107.12,111.09,104.86,108.41
002154,报 喜 鸟,2026-04-28,-1.25,,,,False,,,,,
000593,德龙汇能,2026-04-28,3.76,3.76,9.99,6.23,True,23.13,24.0,25.44,23.6,25.44
002378,章源钨业,2026-04-28,3.99,3.99,2.05,-1.94,True,29.33,30.5,31.3,29.55,29.93
600152,维科技术,2026-04-28,2.03,2.03,10.03,8.0,True,14.26,14.55,15.69,14.55,15.69
601330,绿色动力,2026-04-28,3.45,3.45,5.52,2.07,True,8.7,9.0,9.3,8.85,9.18
002709,天赐材料,2026-04-28,2.24,2.24,-1.86,-4.1,True,55.26,56.5,57.0,53.76,54.23
002441,众业达,2026-04-28,2.34,,,,False,,,,,
600623,华谊集团,2026-04-28,2.75,2.75,9.97,7.22,True,9.83,10.1,10.81,9.93,10.81
603038,华立股份,2026-04-28,2.14,2.14,-1.31,-3.45,True,16.84,17.2,17.3,16.62,16.62
000925,众合科技,2026-04-28,1.58,1.58,-3.56,-5.14,True,10.12,10.28,10.49,9.37,9.76
600637,东方明珠,2026-04-28,1.29,1.29,-5.62,-6.91,True,10.86,11.0,11.0,10.2,10.25
603931,格林达,2026-04-28,1.54,1.54,10.01,8.47,True,34.47,35.0,37.92,33.61,37.92
603212,赛伍技术,2026-04-28,0.94,0.94,-5.43,-6.37,True,13.8,13.93,13.95,12.9,13.05
605006,山东玻纤,2026-04-28,0.44,0.44,-2.73,-3.17,True,11.34,11.39,11.39,10.76,11.03
002493,荣盛石化,2026-04-28,1.77,1.77,4.74,2.97,True,12.44,12.66,13.12,12.46,13.03
603255,鼎际得,2026-04-28,0.83,0.83,3.57,2.74,True,30.22,30.47,31.43,30.16,31.3
688411,海博思创,2026-04-28,1.52,1.52,3.66,2.14,True,226.89,230.35,237.88,225.47,235.2
600251,冠农股份,2026-04-28,0.66,,,,False,,,,,
000902,新洋丰,2026-04-28,0.13,,,,False,,,,,
600246,万通发展,2026-04-28,-0.09,-0.09,-4.22,-4.13,True,10.67,10.66,10.72,10.15,10.22
002560,通达股份,2026-04-28,-0.89,-0.89,-3.64,-2.75,True,15.68,15.54,15.66,14.89,15.11
300416,苏试试验,2026-04-28,-0.99,-0.99,-2.62,-1.63,True,17.15,16.98,17.14,16.55,16.7
000537,绿发电力,2026-04-28,-1.49,-1.49,-4.28,-2.79,True,10.76,10.6,10.65,10.0,10.3
300184,力源信息,2026-04-28,-0.15,-0.15,-2.07,-1.92,True,13.52,13.5,13.5,12.99,13.24
605169,洪通燃气,2026-04-28,-2.17,-2.17,-1.71,0.46,True,12.88,12.6,12.7,12.22,12.66
002326,永太科技,2026-04-28,-4.48,,,,False,,,,,
301261,恒工精密,2026-04-28,18.8,18.8,20.0,1.2,True,74.8,88.86,89.76,88.86,89.76
688002,睿创微纳,2026-04-28,14.49,14.49,5.77,-8.72,True,138.0,158.0,158.0,140.81,145.96
002217,合力泰,2026-04-28,10.14,10.14,0.68,-9.46,True,2.96,3.26,3.26,2.95,2.98
603317,天味食品,2026-04-28,10.01,10.01,10.01,0.0,True,14.28,15.71,15.71,15.7,15.71
688328,深科达,2026-04-28,8.87,8.87,14.58,5.71,True,43.08,46.9,51.68,46.6,49.36
603399,永杉锂业,2026-04-28,6.38,6.38,10.02,3.64,True,14.57,15.5,16.03,15.38,16.03
301358,湖南裕能,2026-04-28,5.8,5.8,3.1,-2.7,True,89.87,95.08,99.0,91.18,92.66
603083,剑桥科技,2026-04-28,4.17,4.17,1.04,-3.13,True,153.59,160.0,162.87,154.0,155.19
603065,宿迁联盛,2026-04-28,5.39,5.39,1.84,-3.55,True,8.16,8.6,8.74,8.31,8.31
601828,美凯龙,2026-04-28,4.9,4.9,10.2,5.3,True,2.45,2.57,2.7,2.57,2.7
603629,利通电子,2026-04-28,10.0,10.0,10.0,0.0,True,108.5,119.35,119.35,119.35,119.35
600105,永鼎股份,2026-04-28,0.16,0.16,-7.56,-7.72,True,48.52,48.6,49.35,44.53,44.85
603220,中贝通信,2026-04-28,-5.86,-5.86,-7.35,-1.49,True,31.55,29.7,30.59,28.88,29.23
688313,仕佳光子,2026-04-28,-1.56,-1.56,-7.66,-6.1,True,145.26,143.0,147.88,132.06,134.14
300913,兆龙互连,2026-04-28,1.38,,,,False,,,,,
600207,安彩高科,2026-04-28,-0.85,-0.85,-3.22,-2.37,True,5.9,5.85,5.94,5.63,5.71
600026,中远海能,2026-04-28,0.74,0.74,-2.09,-2.83,True,21.5,21.66,21.7,20.6,21.05
002134,天津普林,2026-04-28,2.48,,,,False,,,,,
003027,同兴科技,2026-04-28,-0.71,,,,False,,,,,
300511,雪榕生物,2026-04-28,1.39,,,,False,,,,,
603336,宏辉果蔬,2026-04-28,1.74,1.74,10.02,8.28,True,11.48,11.68,12.63,11.68,12.63
002741,光华科技,2026-04-28,-0.94,-0.94,-1.57,-0.63,True,22.26,22.05,22.35,21.23,21.91
600486,扬农化工,2026-04-28,-1.06,,,,False,,,,,
001211,双枪科技,2026-04-28,-1.68,,,,False,,,,,
002204,大连重工,2026-04-28,0.0,,,,False,,,,,
301035,润丰股份,2026-04-28,-0.2,,,,False,,,,,
000848,承德露露,2026-04-28,6.42,,,,False,,,,,
002049,紫光国微,2026-04-28,4.21,4.21,1.46,-2.75,True,73.36,76.45,76.6,74.27,74.43
688816,易思维,2026-04-28,0.26,0.26,-1.63,-1.89,True,64.53,64.7,65.68,63.17,63.48
003041,真爱美家,2026-04-28,-10.0,-10.0,-10.0,0.0,True,62.22,56.0,57.99,56.0,56.0
603657,春光科技,2026-04-28,0.21,0.21,-4.76,-4.97,True,28.35,28.41,28.41,26.53,27.0
688381,帝奥微,2026-04-28,-0.68,-0.68,-2.84,-2.16,True,35.21,34.97,34.97,32.03,34.21
601177,杭齿前进,2026-04-28,1.49,1.49,10.02,8.53,True,14.77,14.99,16.25,14.9,16.25
605287,德才股份,2026-04-28,2.03,2.03,10.0,7.97,True,49.28,50.28,54.21,50.0,54.21
300864,南大环境,2026-04-28,1.22,1.22,3.33,2.11,True,21.34,21.6,22.37,21.6,22.05
002838,道恩股份,2026-04-28,-0.55,,,,False,,,,,
603519,立霸股份,2026-04-28,-0.07,-0.07,-1.29,-1.22,True,13.99,13.98,14.07,13.68,13.81
920230,欧康医药,2026-04-28,0.68,,,,False,,,,,
002989,中天精装,2026-04-28,-0.25,-0.25,10.0,10.25,True,23.91,23.85,26.3,23.75,26.3
603095,越剑智能,2026-04-28,7.56,7.56,10.03,2.47,True,19.05,20.49,20.96,19.05,20.96
688653,康希通信,2026-04-28,3.35,3.35,2.49,-0.86,True,14.05,14.52,15.17,14.3,14.4
603610,麒盛科技,2026-04-28,-0.96,-0.96,-1.62,-0.66,True,16.71,16.55,16.67,16.11,16.44
300909,汇创达,2026-04-28,0.04,,,,False,,,,,
600400,红豆股份,2026-04-28,0.0,0.0,0.41,0.41,True,2.43,2.43,2.5,2.35,2.44
603626,科森科技,2026-04-28,-0.16,-0.16,-2.13,-1.97,True,24.37,24.33,24.64,23.69,23.85
605598,上海港湾,2026-04-28,-0.04,-0.04,-5.06,-5.02,True,47.2,47.18,47.18,44.66,44.81
002706,良信股份,2026-04-28,1.76,,,,False,,,,,
688036,传音控股,2026-04-28,5.14,5.14,1.54,-3.6,True,57.8,60.77,62.46,58.36,58.69
301533,威马农机,2026-04-28,0.06,,,,False,,,,,
600303,曙光股份,2026-04-28,-0.31,-0.31,0.63,0.94,True,3.18,3.17,3.24,3.15,3.2
600520,三佳科技,2026-04-28,-0.17,,,,False,,,,,
